1,1,만복의 근원 하나님,송영
2,6,찬양 성부 성자 성령,송영
3,2,성부 성자와 성령,송영
4,4,성부 성자와 성령,송영
5,3,이 천지간 만물들아,송영
6,8,목소리 높여서,송영
7,,성부 성자 성령,송영
8,9,거룩 거룩 거룩,경배
9,53,하늘에 가득찬 영광의 하나님,경배
10,34,전능왕 오셔서,경배
11,,홀로 한 분 하나님께,경배
12,22,다 함께 주를 경배하세,경배
13,,영원한 하늘 나라,경배
14,30,주 우리 하나님,경배
15,55,하나님의 크신 사랑,경배
16,,은혜로신 하나님 우리 주 하나님,경배
17,,사랑의 하나님,경배
18,,성도들아 찬양하자,찬양
19,44,찬송하는 소리 있어,찬양
20,41,큰 영광 중에 게신 주,찬양
21,21,다 찬양하여라,찬양
22,26,만유의 주 앞에,찬양
23,23,만 입이 내게 있으면,찬양
24,,왕 되신 주,찬양
25,25,면류관 벗어서,찬양
26,14,구세주를 아는 이들,찬양
27,27,빛나고 높은 보좌와,찬양
28,28,복의 근원 강림하사,찬양
29,29,성도여 다 함께,찬양
30,,전능하고 놀라우신,찬양
31,46,찬양하라 복되신 구세주,찬양
32,48,만유의 주재,찬양
33,12,영광스런 주를 보라,찬양
34,45,참 놀랍도다 주 크신 이름,찬양
35,50,큰 영화로신 주,찬양
36,36,주 예수 이름 높이어,찬양
37,37,주 예수 이름 높이어,찬양
38,,예수 우리 왕이여,찬양
39,39,주 은혜를 받으려,찬양
40,43,찬송으로 보답할 수 없는,찬양
41,,내 영혼아 주 찬양하여라,찬양
42,11,거룩한 주님께,주일
43,57,즐겁게 안식할 날,주일
44,56,지난 이레 동안에,주일
45,,거룩한 주의 날,주일
46,58,이날은 주님 정하신,주일
47,,하늘이 푸르고,주일
48,,거룩하신 주 하나님,주일
49,72,하나님이 언약하신 그대로,봉헌
50,71,내게 있는 모든 것을,봉헌
51,,주님 주신 거룩한 날,봉헌
52,,거룩하신 나의 하나님,봉헌
53,59,성전을 떠나기 전,예배마침
54,61,주여 복을 구하오니,예배마침
55,62,주 이름으로 모였던,예배마침
56,60,우리의 주여,예배마침
57,,오늘 주신 말씀에,예배마침
58,66,지난 밤에 보호하사,아침과저녁
59,68,하나님 아버지 어둔 밤이 지나,아침과저녁
60,67,영혼의 햇빛 예수님,아침과저녁
61,,우리가 기다리던,아침과저녁
62,,고요히 머리 숙여,아침과저녁
63,,주가 세상을 다스리시니,창조주
64,13,기뻐하며 경배하세,창조주
65,19,내 영혼아 찬양하라,창조주
66,20,다 감사 드리세,창조주
67,31,영광의 왕께 다 경배하며,창조주
68,32,오 하나님 우리의 창조주시니,창조주
69,33,온 천하 만물 우러러,창조주
70,79,피난처 있으니,창조주
71,438,예부터 도움 도시고,창조주
72,,만왕의 왕 앞에 나오라,창조주
73,73,내 눈을 들어 두루 살피니,창조주
74,74,오 만세 반석이신,창조주
75,47,주여 우리 무리를,창조주
76,,창조의 주 아버지께,창조주
77,,거룩하신 하나님,창조주
78,75,저 높고 푸른 하늘과,섭리
79,40,주 하나님 지으신 모든 세계,섭리
80,101,천지에 있는 이름 중,예수그리스도
81,452,주는 귀한 보배,예수그리스도
82,90,성부의 어린 양이,예수그리스도
83,83,나의 맘에 근심 구름,예수그리스도
84,96,온 세상이 캄캄하여서,예수그리스도
85,85,구주를 생각만 해도,예수그리스도
86,86,내가 늘 의지하는 예수,예수그리스도
87,87,내 주님 입으신 그 옷은,예수그리스도
88,88,내 진정 사모하는,예수그리스도
89,89,샤론의 꽃 예수,예수그리스도
90,98,주 예수 내가 알기 전,예수그리스도
91,91,슬픈 마음 있는 사람,예수그리스도
92,97,위에 계신 나의 친구,예수그리스도
93,93,예수는 나의 힘이요,예수그리스도
94,102,주 예수보다 더 귀한 것은 없네,예수그리스도
95,82,나의 기쁨 나의 소망 되시며,예수그리스도
96,94,예수님은 누구신가,예수그리스도
97,,정혼한 처녀에게,구주강림
98,,예수님 오소서,구주강림
99,,주님 앞에 떨며 서서,구주강림
100,,미리암과 여인들이,구주강림
101,106,이새의 뿌리에서,구주강림
102,107,영원한 문아 열려라,구주강림
103,,우리 주님 예수께,구주강림
104,104,곧 오소서 임마누엘,구주강림
105,105,오랫동안 기다리던,강림
106,,아기 예수 나셨네,성탄
107,,거룩한 밤 복된 이 밤,성탄
108,113,그 어린 주 예수,성탄
109,109,고요한 밤 거룩한 밤,성탄
110,,고요하고 거룩한 밤,성탄
111,111,귀중한 보배합을,성탄
112,112,그 맑고 환한 밤중에,성탄
113,,저 아기 잠 들었네,성탄
114,114,그 어린 주 예수,성탄
115,115,기쁘다 구주 오셨네,성탄
116,116,동방에서 박사들,성탄
117,117,만백성 기뻐하여라,성탄
118,118,영광 나라 천사들아,성탄
119,119,옛날 임금 다윗성에,성탄
120,120,오 베들레헴 작은 골,성탄
121,121,우리 구주 나신 날,성탄
122,123,참 반가운 신도여,성탄
123,,저 들 밖에 한 밤중에,성탄
124,,양 지키는 목자여,성탄
125,125,천사들의 노래가,성탄
126,126,천사 찬송하기를,성탄
127,,그 고요하고 쓸쓸한,성탄
128,,거룩하신 우리 주님,성탄
129,,마리아는 아기를,성탄
130,42,찬란한 주의 영광은,주현
131,24,다 나와 찬송드리세,주현
132,38,주의 영광 빛나니,주현
133,,하나님의 말씀으로,주현
134,84,나 어느날 꿈속을 헤매며,생애
135,133,어저께나 오늘이나,생애
136,,가나의 혼인잔치,생애
137,,하나님의 아들이,생애
138,52,햇빛을 받는 곳마다,생애
139,128,오 영원한 내 주 예수,종려주일
140,130,왕되신 우리 주께,종려주일
141,132,호산나 호산나,종려주일
142,,시온에 오시는 주,종려주일
143,141,웬 말인가 날 위하여,고난
144,144,예수 나를 위하여,고난
145,145,오 거룩하신 주님,고난
146,146,저 멀리 푸른 언덕에,고난
147,136,거기 너 있었는가,고난
148,142,영화로신 주 예수의,고난
149,147,주 달려 죽은 십자가,고난
150,135,갈보리산 위에,고난
151,138,만왕의 왕 내 주께서,고난
152,,귀하신 예수,고난
153,,가시 면류관,고난
154,139,생명의 주여 면류관,고난
155,,십자가 지고,고난
156,,머리에 가시관 붉은 피 흐르는,고난
157,,겟세마네 동산에서 최후 기도,고난
158,,서쪽 하늘 붉은 노을,고난
159,149,기뻐 찬송하세,부활
160,150,무덤에 머물러,부활
161,159,할렐루야 우리 예수,부활
162,151,부활하신 구세주,부활
163,160,할렐루야 할렐루야,부활
164,154,예수 부활했으니,부활
165,155,주님께 영광,부활
166,156,싸움은 모두 끝나고,부활
167,157,즐겁도다 이 날,부활
168,158,하늘에 찬송이 들리던 그날,부활
169,,사망의 권세가,부활
170,16,내 주님은 살아계시고,부활
171,,하나님의 독생자,부활
172,152,사망을 이긴 주,부활
173,,다함께 찬송 부르자,부활
174,161,대속하신 구주께서,재림
175,162,신랑 되신 예수께서,재림
176,163,주 어느 때 다시 오실는지,재림
177,164,오랫동안 고대하던,재림
178,,주 예수 믿는 자여,재림
179,167,주 예수의 강림이,재림
180,168,하나님의 나팔소리,재림
181,,부활 승천하신 주께서,재림
182,169,강물같이 흐르는 기쁨,성령강림
183,172,빈 들에 마른 풀같이,성령강림
184,173,불길 같은 주 성령,성령강림
185,179,이 기쁜 소식을,성령강림
186,176,영화로신 주 성령,성령강림
187,171,비둘기 같이 온유한,성령강림
188,180,무한하신 주 성령,성령강림
189,181,진실하신 주 성령,성령강림
190,177,성령이여 강림하사,성령강림
191,427,내가 매일 기쁘게,성령강림
192,,임하소서 임하소서,성령강림
193,,성령의 바람 불어오니,성령강림
194,,저 하늘 거룩하신 주여,성령강림
195,175,성령이여 우리 찬송 부를 때,성령강림
196,174,성령의 은사를,은사
197,178,은혜가 풍성한 하나님은,은사
198,284,주 예수 해변서,성경
199,234,나의 사랑하는 책,성경
200,235,달고 오묘한 그 말씀,성경
201,240,참 사람되신 말씀,성경
202,241,하나님 아버지 주신 책은,성경
203,,하나님의 말씀은,성경
204,379,주의 말씀 듣고서,성경
205,236,주 예수 크신 사랑,성경
206,,주님의 귀한 말씀은,성경
207,243,귀하신 주님 계신 곳,하나님나라
208,246,내 주의 나라와,하나님나라
209,247,이 세상 풍파 심하고,하나님나라
210,245,시온성과 같은 교회,하나님나라
211,346,값비싼 향유를 주께 드린,헌신과봉사
212,347,겸손히 주를 섬길 때,헌신과봉사
213,348,나의 생명 드리니,헌신과봉사
214,349,나 주의 도움 받고자,헌신과봉사
215,354,내 죄 속해 주신 주꼐,헌신과봉사
216,356,성자의 귀한 몸,헌신과봉사
217,362,하나님이 말씀하시기를,헌신과봉사
218,369,네 맘과 정성을 다하여서,헌신과봉사
219,279,주 하나님의 사랑은,성도의교제
220,278,사랑하는 주님 앞에,성도의교제
221,525,주 믿는 형제들,성도의교제
222,524,우리 다시 만날 때까지,성도의교제
223,,하나님은 우리들의,성도의교제
224,,정한 물로 우리 죄를,침례
225,298,실로암 샘물가에 핀,침례
226,,성령으로 침례 받아,침례
227,283,주 앞에 성찬 받기 위하여,성찬
228,285,오 나의 주님 친히 뵈오니,성찬
229,281,아무 흠도 없고,성찬
230,,우리의 참된 구주시니,성찬
231,,우리 다같이 무릎 꿇고서,성찬
232,282,유월절 때가 이르러,성찬
233,,자비로 그 몸 찢기시고,성찬
234,220,구주 예수 그리스도,천국
235,222,보아라 즐거운 우리 집,천국
236,223,우리 모든 수고 끝나,천국
237,226,저 건너편 강 언덕에,천국
238,,해 지는 저편,천국
239,230,저 뵈는 본향집,천국
240,231,주가 맡긴 모든 역사,천국
241,232,아름다운 본향,천국
242,233,황무지가 장미꽃같이,천국
243,224,저 요단강 건너편에,천국
244,,구원 받은 천국의 성도들,천국
245,228,저 좋은 낙원 이르니,천국
246,221,나 가나안 땅 귀한 성에,천국
247,,보아라 저 하늘에,천국
248,,언약의 주 하나님,천국
249,249,주 사랑하는 자 다 찬송할 때에,천국
250,182,구주의 십자가 보혈로,회개와용서
251,137,놀랍다 주님의 큰 은혜,회개와용서
252,184,나의 죄를 씻기는,회개와용서
253,,그 자비하신 주님,회개와용서
254,186,내 주의 보혈은,회개와용서
255,187,너희 죄 흉악하나,회개와용서
256,,나의 죄 지신 주님,회개와용서
257,189,마음에 가득한 의심을 깨치고,회개와용서
258,190,샘물과 같은 보혈은,회개와용서
259,193,예수 십자가에 흘린 피로써,회개와용서
260,194,우리를 죄에서 구하시려,회개와용서
261,195,이 세상의 모든 죄를,회개와용서
262,196,날 구원하신 예수를,회개와용서
263,197,이 세상 험하고,회개와용서
264,198,정결하게 하는 샘이,회개와용서
265,199,주 십자가를 지심으로,회개와용서
266,200,주의 피로 이룬 샘물,회개와용서
267,201,주의 확실한 약속의 말씀 듣고,회개와용서
268,202,죄에서 자유를 얻게 함은,회개와용서
269,211,그 참혹한 십자가에,회개와용서
270,214,변찮는 주님의 사랑과,회개와용서
271,,나와 같은 죄인 위해,회개와용서
272,330,고통의 멍에 벗으려고,회개와용서
274,332,나 행한 것 죄 뿐이니,회개와용서
275,333,날마다 주와 버성겨,회개와용서
276,334,아버지여 이 죄인을,회개와용서
277,335,양떼를 떠나서,회개와용서
278,336,여러 해 동안 주 떠나,회개와용서
279,337,인애하신 구세주여,회개와용서
280,338,천부여 의지 없어서,회개와용서
281,,요나처럼 순종 않고,회개와용서
282,339,큰 죄에 빠진 날 위해,회개와사죄
283,183,나 속죄함을 받은 후,거듭남
284,206,오랫동안 모든 죄 가운데 빠져,거듭남
285,209,주의 말씀 받은 그날,거듭남
286,218,주 예수님 내 맘에 오사,거룩한생활
287,205,예수 앞에 나오면,거룩한생활
288,204,예수로 나의 구주 삼고,거룩한생활
289,208,주 예수 내 맘에 들어와,거룩한생활
290,412,우리는 주님을 늘 배반하나,은혜와사랑
291,413,외롭게 사는 이 그 누군가,은혜와사랑
292,415,주 없이 살 수 없네,은혜와사랑
293,414,주의 사랑 비췰 때에,은혜와사랑
294,416,하나님의 외아들은,은혜와사랑
295,417,큰 죄에 빠진 나를,은혜와사랑
296,,죄인 구원 하시려고,은혜와사랑
297,191,양 아흔 아홉 마리는,은혜와사랑
298,35,속죄하신 구세주를,은혜와사랑
299,418,하나님 사랑은,은혜와사랑
300,406,내 맘이 낙심되며,은혜와사랑
301,460,지금까지 지내 온 것,은혜와사랑
302,408,내 주 하나님 넓고 큰 은혜는,은혜와사랑
303,403,날 위하여 십자가의,은혜와사랑
304,404,그 크신 하나님의 사랑,은혜와사랑
305,405,나 같은 죄인 살리신,은혜와사랑
306,,죽을 죄인 살려 주신,은혜와사랑
307,,소리 없이 보슬보슬,은혜와사랑
308,,내 평생 살아온 길,은혜와사랑
309,409,목마른 내 영혼,은혜와사랑
310,410,아 하나님의 은혜로,은혜와사랑
311,185,내 너를 위하여,소명과충성
312,341,너 하나님께 이끌리어,소명과충성
313,352,내 임금 예수 내 주여,소명과충성
314,511,내 구주 예수를 더욱 사랑,소명과충성
315,512,내 주 되신 주를 참 사랑하고,소명과충성
316,,주여 나의 생명,소명과충성
317,353,내 주 예수 주신 은혜,소명과충성
318,,순교자의 흘린 피가,소명과충성
319,,말씀으로 이 세상을,소명과충성
320,350,나의 죄를 정케 하사,소명과충성
321,351,날 대속하신 예수께,소명과충성
322,357,세상의 헛된 신을 버리고,소명과충성
323,355,부름 받아 나선 이 몸,소명과충성
324,360,예수 나를 오라 하네,소명과충성
325,359,예수가 함께 계시니,소명과충성
326,368,내 죄를 회개하고,소명과충성
327,361,주님 주실 화평,소명과충성
328,374,너 주의 사람아,소명과충성
329,267,주 날 불러 이르소서,소명과충성
330,370,어둔 밤 쉬 되리니,소명과충성
331,331,나 주를 멀리 떠났다,회개와사죄
331,375,영광을 받으신 만유의 주여,소명과충성
332,,우리는 부지런한,소명과충성
333,381,충성하라 죽도록,소명과충성
334,,위대하신 주를,소명과충성
335,,크고 놀라운 평화가,소명과충성
336,383,환난과 핍박 중에도,시련과극복
337,363,내 모든 시험 무거운 짐을,시련과극복
338,364,내 주를 가까이 하게 함은,시련과극복
339,365,내 주님 지신 십자가,시련과극복
340,366,어지러운 세상 중에,시련과극복
341,367,십자가를 내가 지고,시련과극복
342,395,너 시험을 당해,시련과극복
343,443,시험 받을 때에,시련과극복
344,,믿음으로 가리라,시련과극복
345,461,캄캄한 밤 사나운 바람 불 때,시련과극복
346,398,주 예수 우리 구하려,분투와승리
347,382,허락하신 새 땅에,분투와승리
348,388,마귀들과 싸울지라,분투와승리
349,387,나는 예수 따라가는,분투와승리
350,393,우리들의 싸울 것은,분투와승리
351,389,믿는 사람들은 주의 군사니,분투와승리
352,390,십자가 군병들아,분투와승리
353,391,십자가 군병 되어서,분투와승리
354,394,주를 앙모하는 자,분투와승리
355,386,다같이 일어나,분투와승리
356,396,주 예수 이름 소리 높여,분투와승리
357,397,주 믿는 사람 일어나,분투와승리
358,400,주의 진리 위해 십자가 군기,분투와승리
359,401,천성을 향해 가는 성도들아,분투와승리
360,402,행군 나팔 소리로,분투와승리
361,480,기도하는 이 시간,기도와간구
362,481,주여 복을 주시기를,기도와간구
363,479,내가 깊은 곳에서,기도와간구
364,482,내 기도하는 그 시간,기도와간구
365,484,마음속에 근심 있는 사람,기도와간구
366,485,어두운 내 눈 밝히사,기도와간구
367,,인내하게 하소서 우리를,기도와간구
368,486,주 예수여 은혜를,기도와간구
369,487,죄짐 맡은 우리 구주,기도와간구
370,455,주 안에 있는 나에게,인도와보호
371,419,구주여 광풍이 일어,인도와보호
372,420,그 누가 나의 괴롬 알며,인도와보호
373,503,고요한 바다로,인도와보호
374,423,나의 믿음 약할 때,인도와보호
375,421,나는 갈 길 모르니,인도와보호
376,422,나그네와 같은 내가,인도와보호
377,451,전능하신 주 하나님,인도와보호
378,430,내 선한 목자,인도와보호
379,429,내 갈길 멀고 밤은 깊은데,인도와보호
380,424,나의 생명 되신 주,인도와보호
381,425,나 캄캄한 밤 죄의 길에,인도와보호
382,432,너 근심 걱정 말아라,인도와보호
383,433,눈을 들어 산을 보니,인도와보호
384,434,나의 갈 길 다 가도록,인도와보호
385,435,못 박혀 죽으신,인도와보호
386,439,만세 반석 열린 곳에,인도와보호
387,440,멀리 멀리 갔더니,인도와보호
388,441,비바람이 칠 때와,인도와보호
389,,내게로 오라 하신 주님의,인도와보호
390,444,예수가 거느리시니,인도와보호
391,446,오 놀라운 구세주,인도와보호
392,,주여 어린 사슴이,인도와보호
393,447,오 신실하신 주,인도와보호
394,449,이 세상의 친구들,인도와보호
395,450,자비하신 예수여,인도와보호
396,,우리 주님 밤 새워,인도와보호
397,454,주 사랑 안에 살면,인도와보호
398,92,어둠의 권세에서,인도와보호
399,,어린 양들아 두려워 말라,인도와보호
400,463,험한 시험 물 속에서,인도와보호
401,457,주의 곁에 있을 때,인도와보호
402,,나의 반석 나의 방패,인도와보호
403,,영원하신 주님의,인도와보호
404,477,바다에 놀이 일때에,평안과위로
405,458,주의 친절한 팔에 안기세,평안과위로
406,464,곤한 내 영혼 편히 쉴 곳과,평안과위로
407,465,구주와 함께 나 죽었으니,평안과위로
408,466,나 어느 곳에 있든지,평안과위로
409,,나의 기쁨은 사랑의 주님께,평안과위로
410,468,내 맘에 한 노래 있어,평안과위로
411,473,아 내 맘속에,평안과위로
412,469,내 영혼의 그윽히 깊은 데서,평안과위로
413,470,내 평생에 가는 길,평안과위로
414,475,이 세상은 요란하나,평안과위로
415,471,십자가 그늘 아래,평안과위로
416,,너희 근심 걱정을,평안과위로
417,476,주 예수 넓은 품에,평안과위로
418,,기쁠 때나 슬플 때나,평안과위로
419,478,주 날개 밑 내가 편히 쉬내,평안과위로
420,212,너 성결키 위해,성결한생활
421,210,내가 예수 믿고서,성결한생활
422,,거룩 하게 하소서,성결한생활
423,213,먹보다도 더 검은,성결한생활
424,216,아버지여 나의 맘을,성결한생활
425,217,주님의 뜻을 이루소서,성결한생활
426,215,이 죄인을 완전케 하옵시고,성결한생활
427,516,맘 가난한 사람,감사의생활
429,489,세상 모든 풍파 너를 흔들어,감사의생활
430,456,주와 같이 길 가는 것,주와동행
431,,주 안에 기쁨 있네,주와동행
432,462,큰 물결이 설레는 어둔 바다,주와동행
433,490,귀하신 주여 날 붙드사,주와동행
434,491,귀하신 친구 내게 계시니,주와동행
435,492,나의 영원하신 기업,주와동행
436,493,나 이제 주님의 새 생명 얻은 몸,주와동행
437,,하늘 보좌 떠나서,주와동행
438,495,내 영혼이 은총 입어,주와동행
439,496,십자가로 가까이,주와동행
440,497,어디든지 예수 나를 이끌면,주와동행
441,498,은혜 구한 내게 은혜의 주님,주와동행
442,499,저 장미꽃 위에 이슬,주와동행
443,,아침 햇살 비칠 때,주와동행
444,,겟세마네 동산에서,주와동행
445,502,태산을 넘어 험곡에 가도,주와동행
446,500,주 음성 외에는,주와동행
447,448,이 세상 끝날까지,주와동행
448,,주님 가신 길을 따라,제자의도리
449,377,예수 따라가며,제자의도리
450,376,내 평생 소원 이것뿐,제자의도리
451,504,예수 영광 버리사,제자의도리
452,505,내 모든 소원 기도의 제목,제자의도리
453,506,예수 더 알기 원하네,제자의도리
454,508,주와 같이 되기를,제자의도리
455,507,주님의 마음을 본받는 자,제자의도리
456,509,거친 세상에서 실패하거든,제자의도리
457,510,겟세마네 동산의,제자의도리
458,513,너희 마음에 슬픔이 가득할 때,제자의도리
459,514,누가 주를 따라,제자의도리
460,515,뜻없이 무릎 꿇는,제자의도리
461,519,십자가를 질 수 있나,제자의도리
462,517,생명 진리 은혜 되신,제자의도리
463,518,신자 되기 원합니다.,제자의도리
464,,믿음의 새 빛을,제자의도리
465,523,주 믿는 나 남 위해,제자의도리
466,,죽기까지 사랑하신 주,제자의도리
467,,높으신 주께서 낮아지심은,제자의도리
468,,큰 사랑의 생명을,제자의도리
469,,내 주 하나님,제자의도리
470,,나의 몸 이상하여,신유의권능
471,528,주여 나의 병든 몸을,신유의권능
472,530,네 병든 손 내밀라고,신유의권능
473,,괴로움과 고통을,신유의권능
474,,의원되신 예수님의,신유의권능
475,272,인류는 하나 되게,화해와평화
476,,꽃이 피고 새가 우는,자연과환경
477,,하나님이 창조하신,자연과환경
478,78,참 아름다워라,자연과환경
479,290,괴로운 인생길 가는 몸이,미래와소망
480,293,천국에서 만나 보자,미래와소망
481,531,때 저 물어 날 이미 어두니,미래와소망
482,49,참 즐거운 노래를,미래와소망
483,532,구름 같은 이 세상,미래와소망
484,533,내 맘의 주여 소망 되소서,미래와소망
485,534,세월이 흘러가는데,미래와소망
486,474,이 세상에 근심된 일이 많고,미래와소망
487,535,어두움 후에 빛이 오며,미래와소망
488,488,내 영혼에 햇빛 비치니,감사의생활
488,539,이 몸의 소망 무엔가,미래와소망
489,541,저 요단강 건너편에,미래와소망
490,542,주여 지난 밤 내 꿈에,미래와소망
491,543,저 높은 곳을 향하여,미래와소망
492,544,잠시 세상에 내가 살면서,미래와소망
493,545,하늘 가는 밝은 길이,미래와소망
494,188,만세 반석 열리니,미래와소망
495,271,익은 곳식 거둘 자가,전도
496,260,새벽부터 우리,전도
497,274,주 예수 넓은 사랑,전도
498,275,저 죽어가는 자 다 구원하고,전도
499,277,흑암에 사는 백성들을 보라,전도
500,258,물 위에 생명줄 던지어라,전도
501,255,너 시온아 이 소식 전파하라,전도
502,259,빛의 사자들이여,세계선교
503,373,세상 모두 사랑 없어,세계선교
504,266,주님의 명령 전달할 사자여,세계선교
505,268,온 세상 위하여,세계선교
506,,땅 끝까지 복음을,세계선교
507,273,저 북방 얼음산과,세계선교
508,270,우리가 지금은 나그네 되어도,세계선교
509,314,기쁜 일이 있어 천국 종 치네,세계선교
510,276,하나님의 진리 등대,세계선교
511,263,예수 말씀하시기를,세계선교
512,328,천성길을 버리고,세계선교
513,,헛된 욕망 길을 가며,전도와교훈
514,,먼동 튼다 일어나라,전도와교훈
515,256,눈을 들어 하늘 보라,전도와교훈
516,265,옳은 길 따르라 의의 길을,전도와교훈
517,,가난한 자 돌봐주며,전도와교훈
518,252,기쁜 소리 들리니,전도와교훈
519,251,구주께서 부르되,부르심과영접
520,257,듣는 사람마다 복음 전하여,부르심과영접
521,253,구원으로 인도하는,부르심과영접
522,269,웬일인가 내 형제여,부르심과영접
523,262,어둔 죄악 길에서,부르심과영접
524,313,갈 길을 밝히 보이시니,부르심과영접
525,315,돌아와 돌아와,부르심과영접
526,316,목마른 자들아,부르심과영접
527,317,어서 돌아오오,부르심과영접
528,318,예수가 우리를 부르는 소리,부르심과영접
529,319,온유한 주님의 음성,부르심과영접
530,320,주께서 문에 오셔서,부르심과영접
531,321,자비한 주께서 부르시네,부르심과영접
532,323,주께로 한 걸음씩,부르심과영접
533,,우리 주 십자가,부르심과영접
534,324,주님 찾아 오셨네,부르심과영접
535,325,주 예수 대문 밖에,부르심과영접
536,326,죄짐에 눌린 사람은,부르심과영접
537,329,형제여 지체 말라,부르심과영접
538,327,죄짐을 지고서 곤하거든,부르심과영접
539,483,너 예수께 조용히 나가,부르심과영접
540,219,주의 음성을 내가 들으니,믿음과확신
541,,꽃이 피는 봄날에만,믿음과확신
542,340,구주 예수 의지함이,믿음과확신
543,342,어려운 일 당할 떄,믿음과확신
544,343,울어도 못하네,믿음과확신
545,344,이 눈에 아무 증거 아니 뵈어도,믿음과확신
546,399,주님 약속하신 말씀 위에서,믿음과확신
547,,나 같은 죄인까지도,믿음과확신
548,,날 구속하신,믿음과확신
549,431,내 주여 뜻대로,믿음과확신
550,248,시온의 영광이 빛나는 아침,새해
550,550,주 너를 지키시고,축도송
551,296,오늘까지 복과 은혜,새해
552,358,아침 해가 돋을 때,새해
553,,새해 아침 환히 밝았네,새해
554,297,종소리 크게 울려라,새해
555,,우리 주님 모신 가정,가정
556,,날마다 주님을 의지하는,가정
557,,에덴의 동산처럼,가정
558,,미더워라 우리 가정,가정
559,305,사철에 봄바람 불어 잇고,가정
560,,주의 발자취를 따름이,어린이
561,,예수님의 사랑은,어린이
562,,예루살렘 아이들,어린이
563,411,예수 사랑하심을,어린이
564,299,예수 께서 오실 때에,어린이
565,300,예수께로 가면,어린이
566,301,사랑의 하나님,어린이
567,436,다정하신 목자 예수,어린이
568,,하나님은 나의 목자시니,어린이
569,442,선한 목자 되신 우리 주,어린이
570,453,주는 나를 기르시는 목자,어린이
571,,역사 속에 보냄 받아,청년
572,,바다같이 넓은 은혜,청년
573,,말씀에 순종하여,청년
574,303,가슴마다 파도 친다,청년
575,302,주님께 귀한 것 드려,청년
576,,하나님의 뜻을 따라,어버이
577,,낳으시고 길러주신,어버이
578,,언제나 바라봐도,어버이
579,304,어머니의 넓은 사랑,어버이
580,371,삼천리 반도 금수강산,나라사랑
581,,주 하나님이 나라를 지켜주시고,나라사랑
582,261,어둔 밤 마음에 잠겨,나라사랑
583,,이 민족에 복음을,나라사랑
584,,우리나라 지켜주신,나라사랑
585,384,내 주는 강한 성이요,종교개혁기념일
586,521,어느 민족 누구게나,종교개혁기념일
587,306,감사하는 성도여,감사절
588,307,공중 나는 새를 보라,감사절
589,308,넓은 들에 익은 곡식,감사절
590,309,논밭에 오곡백과,감사절
591,310,저 밭에 농부 나가,감사절
592,311,산마다 불이 탄다 고운 단풍에,감사절
593,312,아름다운 하늘과,감사절
594,,감사하세 찬양하세,감사절
595,372,나 맡은 본분은,임직
596,,영광은 주님 홀로,임직
597,378,이전에 주님을 내가 몰라,임직
598,244,천지 주관하는 주님,헌당
599,,우리의 기도 들어 주시옵소서,헌당
600,242,교회의 참된 터는,헌당
601,,하나님이 정하시고,혼례
602,286,성부님께 빕니다.,혼례
603,,태초에 하나님이,혼례
604,288,완전한 사랑,혼례
605,287,오늘 모여 찬송함은,혼례
606,291,해보다 더 밝은 천국,장례
607,292,내 본향 가는 길,장례
608,295,후일에 생명 그칠 때,장례
609,,이세상 살 때에,장례
610,289,고생과 수고가 다 지난 후,장례
611,,주님 오라 부르시어,추모
612,,이 땅에서 주를 위해,추모
613,,사랑의 주 하나님,추모
614,,얼마나 아프셨나,경배와찬양
615,,그 큰 일을 행하신,경배와찬양
616,,주를 경배하리,경배와찬양
617,,주님을 찬양합니다,경배와찬양
618,,나 주님을 사랑합니다,경배와찬양
619,,놀라운 그이름,경배와찬양
620,,여기에 모인 우리,경배와찬양
621,,찬양하라 내 영혼아,경배와찬양
622,,거룩한 밤,경배와찬양
623,,주님의 시간에,경배와찬양
624,,우리 모두 찬양해,경배와찬양
625,,거룩 거룩 거룩한 하나님,경배와찬양
626,,만민들아 다 경배하라,입례송
627,,할렐루야 할렐루야 다함께,입례송
628,,아멘 아멘 아멘 영광과 존귀를,입례송
629,,거룩 거룩 거룩,입례송
630,547,진리와 생명 되신 주,기도송
631,549,우리 기도를,기도송
632,,주여 주여 우리를,기도송
633,,나의 하나님 받으소서,헌금응답송
634,70,모든 것이 주께로부터,헌금응답송
635,,하늘에 계신 (주기도문),주기도송
636,548,하늘에 계신 (주기도문),주기도송
637,,주님 우리의 마음을 여시어,말씀응답송
639,,주 함께 하소서,축도송
640,554,아멘,아멘송
641,552,아멘,아멘송
642,,아멘,아멘송
643,555,아멘,아멘송
644,557,아멘,아멘송
645,558,아멘,아멘송
